Comparison,Z,P.unadj,P.adj,axis,group,subgroup,test,correction
DxL - DxLW,-0.246182981958666,0.805540588667494,0.805540588667494,Axis.1,t0,bday_20170108,Dunn.test,Bonferroni
DxL - DxLW,2.58492131056599,0.00974012240527189,0.00974012240527189,Axis.2,t0,bday_20170108,Dunn.test,Bonferroni
DxL - DxLW,2.24189360954568,0.0249682491630941,0.0249682491630941,Axis.1,t2,bday_20170108,Dunn.test,Bonferroni
DxL - DxLW,-0.791256568074944,0.42879428738549,0.42879428738549,Axis.2,t2,bday_20170108,Dunn.test,Bonferroni
DxL - DxLW,-0.949671470496983,0.342279210457747,0.342279210457747,Axis.1,t4,bday_20170108,Dunn.test,Bonferroni
DxL - DxLW,0.56980288229819,0.568811400413337,0.568811400413337,Axis.2,t4,bday_20170108,Dunn.test,Bonferroni
