Comparison,Z,P.unadj,P.adj,axis,group,subgroup,test,correction
DxL - DxLW,-0.307728727448332,0.758288758433211,0.758288758433211,Axis.1,t0,bday_20170108,Dunn.test,Bonferroni
DxL - DxLW,2.58492131056599,0.00974012240527189,0.00974012240527189,Axis.2,t0,bday_20170108,Dunn.test,Bonferroni
DxL - DxLW,2.24189360954568,0.0249682491630941,0.0249682491630941,Axis.1,t2,bday_20170108,Dunn.test,Bonferroni
DxL - DxLW,-0.725318520735365,0.468256646153407,0.468256646153407,Axis.2,t2,bday_20170108,Dunn.test,Bonferroni
DxL - DxLW,0.949671470496983,0.342279210457747,0.342279210457747,Axis.1,t4,bday_20170108,Dunn.test,Bonferroni
DxL - DxLW,-0.645776599937949,0.518424044461857,0.518424044461857,Axis.2,t4,bday_20170108,Dunn.test,Bonferroni
